GEOID,NAME,LST_DAY,SMS_AM,SAR,PA,NDVI,ET,LST_NIGHT,PAR,SMS_PM,YIELD
38027,EDDY,15140.94046,0.214614273,-12.39791037,2.150509505,5924.292026,172.2547892,14252.21458,23.56352317,0.209489444,25.1
38043,KIDDER,15083.33971,0.250621587,-12.4997814,2.854237057,6187.315672,174.9047752,14305.24667,20.62175631,0.246688511,34.8
38031,FOSTER,15125.3553,0.209824435,-12.27969751,1.957800978,5841.361781,173.6892667,14283.76815,22.97427773,0.202859592,34.2
38083,SHERIDAN,15130.53728,0.224565944,-12.72753802,2.394870149,5840.713342,164.8808512,14294.25476,20.78623974,0.219487683,34.2
38093,STUTSMAN,15055.66963,0.247013245,-11.55200308,2.870217431,6431.221537,187.4936623,14316.54991,21.83253436,0.235108767,38.7
38103,WELLS,15133.24245,0.204731515,-12.26189402,2.108825758,5880.087104,171.2847679,14277.99256,21.80904894,0.19770842,30.2
38003,BARNES,15048.87915,0.232310164,-11.20896624,2.804323527,6275.879366,190.0055927,14333.73623,23.72342348,0.220555778,36.6
38017,CASS,15158.04251,0.19572597,-11.22314631,2.671094778,6543.139353,194.0424267,14332.28072,25.6153496,0.182584853,43.2
38039,GRIGGS,15059.75127,0.223884489,-11.43964674,2.413975545,6141.666542,181.2375586,14290.37248,24.21641867,0.217189748,38.5
38091,STEELE,15079.07432,0.198445573,-11.32446079,2.400945881,6095.657951,187.8603322,14296.82751,25.4264492,0.190513412,39.2
38097,TRAILL,15148.04732,0.187781678,-11.18378856,2.245425154,6410.184872,188.4130012,14310.4263,26.61428075,0.179644853,41.8
38005,BENSON,15097.24145,0.252107494,-12.18878461,2.261581795,5839.327735,162.5822195,14259.9256,23.58702777,0.242933673,29.4
38009,BOTTINEAU,15174.97767,0.169219136,-12.40106796,1.972398989,5624.243499,157.9953448,14207.45335,20.8261455,0.168453575,24
38049,MCHENRY,15208.82969,0.180978352,-12.78042019,1.917840068,5683.654121,152.2962572,14260.75963,20.97010546,0.180824853,24.2
38069,PIERCE,15096.70973,0.224615698,-12.53027504,2.329363287,5743.664142,154.5055258,14260.33778,22.30059063,0.219068775,28.6
38079,ROLETTE,15065.19096,0.222892889,-11.72455635,2.545916174,5880.959583,164.9800762,14194.00173,23.35877947,0.220059034,31
38019,CAVALIER,15057.69387,0.18187275,-11.92202708,2.201813167,5746.305229,167.3585058,14204.14634,26.41530434,0.175989429,31.8
38035,GRANDFORKS,15111.15069,0.191990479,-11.42186084,2.29515726,6061.657458,179.0085084,14290.80247,27.43929991,0.188379682,34.9
38063,NELSON,15058.13889,0.230676863,-11.95614331,2.190124292,5808.756468,163.6636904,14278.53569,26.13286375,0.228063371,32.4
38067,PEMBINA,15150.76571,0.16868426,-11.61773129,1.976239933,5893.580343,172.6070992,14261.22774,28.09654304,0.161026304,31.9
38071,RAMSEY,15059.78053,0.258904775,-12.28764122,2.324354021,5576.020211,154.3693319,14264.03411,25.60106615,0.251163331,30.4
38095,TOWNER,15065.45007,0.216058744,-11.78924808,2.569355982,5765.991137,162.2084782,14216.11706,24.55348376,0.211596746,30
38099,WALSH,15152.23305,0.180888068,-11.76101741,2.060223677,5767.351777,167.5914421,14263.63444,27.90688944,0.176702138,31.4
38013,BURKE,15102.96114,0.191879589,-12.24680699,2.493382334,5549.238971,154.69682,14209.28881,19.06423119,0.195397147,23.4
38061,MOUNTRAIL,15139.89469,0.191246464,-12.03380645,2.168795514,5583.66982,154.9283698,14227.01201,18.28308244,0.190274112,26.8
38023,DIVIDE,15174.26408,0.180200964,-12.54706963,1.903692139,5001.662178,132.87932,14242.60068,17.41664041,0.185831603,18.7
38105,WILLIAMS,15168.17796,0.155352544,-11.90144178,2.149983591,5301.0342,145.6668563,14251.88351,16.88714254,0.158896266,18.7
38075,RENVILLE,15130.22714,0.172070938,-11.90539969,2.050364321,5679.559821,160.7565606,14222.46964,19.91587449,0.167282036,22.7
38101,WARD,15172.59717,0.18848801,-12.31845696,2.013801362,5600.855576,156.8396725,14266.23143,19.79528493,0.184750646,21.4
38015,BURLEIGH,15162.48674,0.204456314,-12.30293404,2.498244262,6068.154636,171.9036013,14270.48738,19.2470817,0.202059962,29.7
38029,EMMONS,15199.22962,0.178840063,-12.28173245,2.702333321,5991.756448,171.6123802,14325.24114,19.37407992,0.17918571,29.9
38037,GRANT,15281.92677,0.148672342,-12.61364309,2.380231356,5259.422209,145.7310549,14289.77036,17.51336048,0.146821176,27
38059,MORTON,15242.27849,0.167682872,-12.18883424,2.434831526,5762.658056,160.5004607,14272.01222,18.22131687,0.166201921,27
38021,DICKEY,15120.71698,0.223021751,-11.62959168,2.901739325,6430.72415,193.2971807,14369.5887,21.47861027,0.216511816,43.3
38045,LAMOURE,15071.99416,0.23337459,-11.31013636,2.953616873,6574.355289,199.5378611,14352.27998,21.71798163,0.222870004,46.8
38047,LOGAN,15091.53561,0.247387125,-12.18689534,3.16656432,6239.01156,175.7440572,14332.57925,20.03602566,0.241939193,36.2
38051,MCINTOSH,15105.9488,0.238270492,-12.07581207,2.758809916,6292.21164,180.3157307,14340.94387,20.04786763,0.233748979,36.2
38073,RANSOM,15135.95731,0.21250335,-11.42360579,2.671096942,6513.659142,197.0214065,14356.57373,23.53450222,0.206999407,46.3
38077,RICHLAND,15107.44728,0.212180682,-10.89494792,2.858933826,6751.631684,199.2067075,14382.33792,24.94292272,0.202897648,47.4
38081,SARGENT,15089.39753,0.228480281,-11.13002766,2.714784948,6690.501644,197.922573,14383.07296,22.9567317,0.224037983,48.3
38001,ADAMS,15305.36289,0.132184677,-12.79265522,2.047141153,5039.238425,136.640923,14277.98722,15.61071612,0.133796855,23.1
38011,BOWMAN,15246.75989,0.138860471,-11.73606576,1.968455722,5134.32645,143.7159178,14266.62092,14.5068953,0.141168063,23.1
38033,GOLDENVALLEY,15304.75855,0.129915982,-13.56593431,1.465664867,4782.97344,119.8143268,14255.7694,14.07242387,0.134562847,23.1
38041,HETTINGER,15275.64725,0.138198244,-12.68711753,1.883008115,5092.973203,142.4718191,14260.21605,16.57029452,0.137420767,23.1
38087,SLOPE,15210.0501,0.145047418,-11.15697651,2.148872524,5195.33314,146.5421904,14245.60688,14.90944601,0.145862141,23.1
38089,STARK,15269.16021,0.147495804,-12.69832452,2.30516748,5253.339443,145.920167,14265.82058,16.60237045,0.144916903,23.1
38007,BILLINGS,15282.79267,0.145424386,-11.67178504,2.432415475,5732.480755,137.4670217,14252.13972,15.3511424,0.147780352,23.1
38053,MCKENZIE,15213.25308,0.151328749,-12.48250276,2.137409193,5129.632707,132.9601142,14283.73562,16.66452227,0.151392276,20.5
38055,MCLEAN,15165.22079,0.190684418,-12.25709829,2.235631888,5771.580464,160.0952178,14268.85578,19.25216353,0.188264428,25.5
38065,OLIVER,15264.41671,0.17655961,-12.43099973,2.080583707,5653.536273,154.9053469,14251.14546,18.41267964,0.173951431,27.1
38025,DUNN,15282.17509,0.154371901,-12.85453364,2.20911068,5393.998332,143.7892861,14246.32964,16.75382179,0.153120877,24.4
38057,MERCER,15235.83523,0.162214078,-12.42497203,2.131383203,5600.092413,150.139676,14287.72534,18.39738203,0.158164265,24.4
